<assembly xmlns="http://maven.apache.org/ASSEMBLY/2.1.1"
          xmlns:xsi="http://www.w3.org/2001/XMLSchema-instance"
          xsi:schemaLocation="http://maven.apache.org/ASSEMBLY/2.1.1 http://maven.apache.org/xsd/assembly-2.1.1.xsd">

    <id>persistence-xml</id>
    <formats>
        <format>dir</format>
    </formats>
    <includeBaseDirectory>false</includeBaseDirectory>
    <files>
        <file>
            <source>src/main/resources/META-INF/persistence.xml</source>
            <destName>META-INF/persistence.xml</destName>
        </file>
    </files>

</assembly>